id,state
h2_01a,hass_state_1
h2_02a,hass_state_1
h2_03a,hass_state_1
h2_04a,hass_state_1
h2_05a,hass_state_1
h2_06a,hass_state_1
h2_07a,hass_state_1
h2_08a,hass_state_1
h2_09a,hass_state_1
h2_10a,hass_state_1
h2_11a,hass_state_1
h2_12a,hass_state_1
h2_13a,hass_state_1
h3_01a,hass_state_1
h3_02a,hass_state_1
h3_04A,hass_state_1
h3_05a,hass_state_1
h3_06a,hass_state_1
h3_07a,hass_state_1
h3_08a,hass_state_1
h3_09a,hass_state_1
h3_10a,hass_state_1
h3_11a,hass_state_1
h3_12a,hass_state_1
h3_13a,hass_state_1
h3_14a,hass_state_1
h3_15a,hass_state_1
h3_16a,hass_state_1
h3_17a,hass_state_1
h3_18a,hass_state_1
h3_19a,hass_state_1
h3_20a,hass_state_1
h5_01a,hass_state_1
h5_02a,hass_state_1
h5_03a,hass_state_1
h5_04a,hass_state_1
h5_05a,hass_state_1
h5_06a,hass_state_1
h5_07a,hass_state_1
h5_08a,hass_state_1
h5_09a,hass_state_1
h5_10a,hass_state_1
h5_11a,hass_state_1
h5_12a,hass_state_1
h5_13a,hass_state_1
h5_14a,hass_state_1
h5_15a,hass_state_1
h5_16a,hass_state_1
h6_01a,hass_state_1
h6_02a,hass_state_1
h6_03a,hass_state_1
h6_04a,hass_state_1
h6_05a,hass_state_1
h6_06a,hass_state_1
h6_07a,hass_state_1
h6_08a,hass_state_1
h6_09a,hass_state_1
h6_10a,hass_state_1
h6_11a,hass_state_1
h6_12a,hass_state_1
h6_13a,hass_state_1
h6_14a,hass_state_1
h6_15a,hass_state_1
h6_16a,hass_state_1
h6_17a,hass_state_1
h6_18a,hass_state_1
h6_19a,hass_state_1
h6_20a,hass_state_1
h6_21a,hass_state_1
h6_22a,hass_state_1
h8_01a,hass_state_1
h8_02a,hass_state_1
h9_01a,hass_state_1
h9_02a,hass_state_1
h9_03a,hass_state_1
h9_04a,hass_state_1
h9_05a,hass_state_1
h9_06a,hass_state_1
h9_07a,hass_state_1
h9_08a,hass_state_1
h9_09a,hass_state_1
h9_10a,hass_state_1
h9_11a,hass_state_1
h9_12a,hass_state_1
h9_13a,hass_state_1
h9_14a,hass_state_1
h9_15a,hass_state_1
h9_16a,hass_state_1
h9_17a,hass_state_1
h9_18a,hass_state_1
h9_19a,hass_state_1
h2_01b,hass_state_2
h2_02b,hass_state_2
h2_03b,hass_state_2
h2_04b,hass_state_2
h2_05b,hass_state_2
h2_06b,hass_state_2
h2_07b,hass_state_2
h2_08b,hass_state_2
h2_09b,hass_state_2
h2_10b,hass_state_2
h2_11b,hass_state_2
h2_12b,hass_state_2
h2_13b,hass_state_2
h2_14b,hass_state_2
h2_15b,hass_state_2
h2_16b,hass_state_2
h2_17b,hass_state_2
h2_18b,hass_state_2
h2_19b,hass_state_2
h2_20b,hass_state_2
h2_21b,hass_state_2
h2_22b,hass_state_2
h2_23b,hass_state_2
h2_24b,hass_state_2
h2_25b,hass_state_2
h2_26b,hass_state_2
h2_27b,hass_state_2
h2_28b,hass_state_2
h2_29b,hass_state_2
h2_30b,hass_state_2
h2_31b,hass_state_2
h2_32b,hass_state_2
h2_33b,hass_state_2
h2_34b,hass_state_2
h5_01b,hass_state_2
h5_02b,hass_state_2
h6_01b,hass_state_2
h6_02b,hass_state_2
h6_03b,hass_state_2
h6_04b,hass_state_2
h6_05b,hass_state_2
h6_06b,hass_state_2
h6_07b,hass_state_2
h6_08b,hass_state_2
h6_09b,hass_state_2
h6_10b,hass_state_2
h6_11b,hass_state_2
h6_12b,hass_state_2
h6_13b,hass_state_2
h6_14b,hass_state_2
h6_15b,hass_state_2
h6_16b,hass_state_2
h6_17b,hass_state_2
h6_18b,hass_state_2
h6_19b,hass_state_2
h6_20b,hass_state_2
h6_21b,hass_state_2
h6_22b,hass_state_2
h6_23b,hass_state_2
h6_24b,hass_state_2
h6_25b,hass_state_2
h6_26b,hass_state_2
h6_27b,hass_state_2
h8_01b,hass_state_2
h8_02b,hass_state_2
h8_03b,hass_state_2
h8_04b,hass_state_2
h8_05b,hass_state_2
h8_06b,hass_state_2
h8_07b,hass_state_2
h8_08b,hass_state_2
h8_09b,hass_state_2
h8_10b,hass_state_2
h8_11b,hass_state_2
h8_12b,hass_state_2
h8_13b,hass_state_2
h8_14b,hass_state_2
h8_15b,hass_state_2
h8_16b,hass_state_2
h8_17b,hass_state_2
h8_18b,hass_state_2
h8_19b,hass_state_2
h8_20b,hass_state_2
h9_01b,hass_state_2
h9_02b,hass_state_2
h9_03b,hass_state_2
h9_04b,hass_state_2
h9_05b,hass_state_2
h9_06b,hass_state_2
h9_07b,hass_state_2
h9_08b,hass_state_2
h9_09b,hass_state_2
h9_10b,hass_state_2
h9_11b,hass_state_2
h9_12b,hass_state_2
h9_13b,hass_state_2
h9_14b,hass_state_2
h9_15b,hass_state_2
h9_16b,hass_state_2
h9_17b,hass_state_2
h9_18b,hass_state_2
s_1b,hass_state_2
s_2b,hass_state_2
s_3b,hass_state_2
s_4b,hass_state_2
s_5b,hass_state_2
s_6b,hass_state_2
s_7b,hass_state_2
s_8b,hass_state_2
s_9b,hass_state_2
h1_01c,hass_state_3
h1_02c,hass_state_3
h1_03c,hass_state_3
h1_04c,hass_state_3
h1_05c,hass_state_3
h1_06c,hass_state_3
h1_07c,hass_state_3
h1_08c,hass_state_3
h1_09c,hass_state_3
h1_10c,hass_state_3
h1_11c,hass_state_3
h1_12c,hass_state_3
h1_13c,hass_state_3
h1_14c,hass_state_3
h1_15c,hass_state_3
h1_16c,hass_state_3
h1_17c,hass_state_3
h1_18c,hass_state_3
h1_19c,hass_state_3
h1_20c,hass_state_3
h1_21c,hass_state_3
h1_22c,hass_state_3
h1_23c,hass_state_3
h1_24c,hass_state_3
h1_25c,hass_state_3
h1_26c,hass_state_3
h1_27c,hass_state_3
h1_28c,hass_state_3
h1_29c,hass_state_3
h1_30c,hass_state_3
h1_31c,hass_state_3
h1_32c,hass_state_3
h1_33c,hass_state_3
h1_34c,hass_state_3
h1_35c,hass_state_3
h1_36c,hass_state_3
h1_37c,hass_state_3
h1_38c,hass_state_3
h1_39c,hass_state_3
h1_40c,hass_state_3
h1_41c,hass_state_3
h1_42c,hass_state_3
h2_01c,hass_state_3
h5_01c,hass_state_3
h5_02c,hass_state_3
h5_03c,hass_state_3
h5_04c,hass_state_3
h5_05c,hass_state_3
h5_06c,hass_state_3
h5_07c,hass_state_3
h5_08c,hass_state_3
h5_09c,hass_state_3
h5_10c,hass_state_3
h5_11c,hass_state_3
h5_12c,hass_state_3
h5_13c,hass_state_3
h5_14c,hass_state_3
h5_15c,hass_state_3
h5_16c,hass_state_3
h5_17c,hass_state_3
h5_18c,hass_state_3
h5_19c,hass_state_3
h5_20c,hass_state_3
h5_21c,hass_state_3
h5_22c,hass_state_3
h6_01c,hass_state_3
h6_02c,hass_state_3
h6_03c,hass_state_3
h8_01c,hass_state_3
h8_02c,hass_state_3
h8_03c,hass_state_3
h8_04c,hass_state_3
h8_05c,hass_state_3
h8_06c,hass_state_3
h9_01c,hass_state_3
h9_02c,hass_state_3
h9_03c,hass_state_3
h9_04c,hass_state_3
h9_05c,hass_state_3
h9_06c,hass_state_3
h9_07c,hass_state_3
h9_08c,hass_state_3
m2_01a,mayang_state_1
m2_02a,mayang_state_1
m2_03a,mayang_state_1
m2_04a,mayang_state_1
m2_05a,mayang_state_1
m2_06a,mayang_state_1
m2_07a,mayang_state_1
m2_08a,mayang_state_1
m2_09a,mayang_state_1
m2_10a,mayang_state_1
m2_11a,mayang_state_1
m2_12a,mayang_state_1
m5_01a,mayang_state_1
m5_02a,mayang_state_1
m5_03a,mayang_state_1
m5_04a,mayang_state_1
m6_01a,mayang_state_1
m6_02a,mayang_state_1
m6_03a,mayang_state_1
m6_04a,mayang_state_1
m6_05a,mayang_state_1
m6_06a,mayang_state_1
m6_07a,mayang_state_1
m6_08a,mayang_state_1
m6_09a,mayang_state_1
m8_01a,mayang_state_1
m8_02a,mayang_state_1
m8_03a,mayang_state_1
m8_04a,mayang_state_1
m8_05a,mayang_state_1
m8_06a,mayang_state_1
m8_07a,mayang_state_1
m8_09a,mayang_state_1
m8_10a,mayang_state_1
m8_11a,mayang_state_1
m8_12a,mayang_state_1
m8_13a,mayang_state_1
m8_14a,mayang_state_1
m8_15a,mayang_state_1
m9_01a,mayang_state_1
m9_02a,mayang_state_1
m9_03a,mayang_state_1
m_01a,mayang_state_1
m_02a,mayang_state_1
m_04a,mayang_state_1
m_05a,mayang_state_1
m_06a,mayang_state_1
m_08a,mayang_state_1
m_09a,mayang_state_1
m_10a,mayang_state_1
m_11a,mayang_state_1
m_12a,mayang_state_1
m_13a,mayang_state_1
m_14a,mayang_state_1
m_15a,mayang_state_1
m_16a,mayang_state_1
m_17a,mayang_state_1
m_18a,mayang_state_1
m_19a,mayang_state_1
m_20a,mayang_state_1
m_21a,mayang_state_1
m_22a,mayang_state_1
m_23a,mayang_state_1
m_24a,mayang_state_1
m_25a,mayang_state_1
m_26a,mayang_state_1
m_27a,mayang_state_1
m_29a,mayang_state_1
m_30a,mayang_state_1
m_35a,mayang_state_1
m_36a,mayang_state_1
m_37a,mayang_state_1
m_38a,mayang_state_1
m_39a,mayang_state_1
m_40a,mayang_state_1
m_41a,mayang_state_1
m_42a,mayang_state_1
m_43a,mayang_state_1
m_44a,mayang_state_1
m_45a,mayang_state_1
m_46a,mayang_state_1
m_47a,mayang_state_1
m_48a,mayang_state_1
m_49a,mayang_state_1
m_50a,mayang_state_1
m_51a,mayang_state_1
m10_01b,mayang_state_2
m10_01c,mayang_state_2
m10_02c,mayang_state_2
m10_03c,mayang_state_2
m10_04c,mayang_state_2
m10_05c,mayang_state_2
m10_06c,mayang_state_2
m10_07c,mayang_state_2
m10_08c,mayang_state_2
m10_09c,mayang_state_2
m10_10c,mayang_state_2
m10_11c,mayang_state_2
m10_12c,mayang_state_2
m10_13c,mayang_state_2
m2_01b,mayang_state_2
m2_02b,mayang_state_2
m2_03bn,mayang_state_2
m2_04b,mayang_state_2
m2_05bn,mayang_state_2
m2_06b,mayang_state_2
m2_07b,mayang_state_2
m2_08b,mayang_state_2
m2_09b,mayang_state_2
m2_10b,mayang_state_2
m2_11b,mayang_state_2
m2_12b,mayang_state_2
m2_13b,mayang_state_2
m2_14b,mayang_state_2
m2_15b,mayang_state_2
m2_16b,mayang_state_2
m2_18b,mayang_state_2
m2_19b,mayang_state_2
m2_20b,mayang_state_2
m2_21b,mayang_state_2
m2_22b,mayang_state_2
m2_23b,mayang_state_2
m2_24b,mayang_state_2
m2_25b,mayang_state_2
m2_26b,mayang_state_2
m2_27b,mayang_state_2
m2_28b,mayang_state_2
m2_29b,mayang_state_2
m2_30b,mayang_state_2
m2_31b,mayang_state_2
m2_32b,mayang_state_2
m2_33b,mayang_state_2
m2_34b,mayang_state_2
m2_35b,mayang_state_2
m2_36b,mayang_state_2
m2_37b,mayang_state_2
m2_38b,mayang_state_2
m2_39b,mayang_state_2
m2_40b,mayang_state_2
m2_41b,mayang_state_2
m2_42b,mayang_state_2
m2_43b,mayang_state_2
m2_44h,mayang_state_2
m2_45b,mayang_state_2
m2_46b,mayang_state_2
m2_47b,mayang_state_2
m2_48b,mayang_state_2
m2_49b,mayang_state_2
m2_50b,mayang_state_2
m2_52b,mayang_state_2
m3_01b,mayang_state_2
m3_02b,mayang_state_2
m3_03b,mayang_state_2
m3_04b,mayang_state_2
m3_05b,mayang_state_2
m3_06b,mayang_state_2
m3_07b,mayang_state_2
m3_08b,mayang_state_2
m3_09b,mayang_state_2
m3_10b,mayang_state_2
m3_10c,mayang_state_2
m3_11b,mayang_state_2
m3_12b,mayang_state_2
m3_13b,mayang_state_2
m3_14b,mayang_state_2
m3_15b,mayang_state_2
m3_16b,mayang_state_2
m3_17b,mayang_state_2
m3_18b,mayang_state_2
m3_19b,mayang_state_2
m3_20b,mayang_state_2
m3_21b,mayang_state_2
m3_22b,mayang_state_2
m3_24b,mayang_state_2
m3_25b,mayang_state_2
m3_26b,mayang_state_2
m3_27b,mayang_state_2
m3_28b,mayang_state_2
m3_29b,mayang_state_2
m3_30b,mayang_state_2
m3_31b,mayang_state_2
m3_32b,mayang_state_2
m3_33b,mayang_state_2
m3_34b,mayang_state_2
m3_35b,mayang_state_2
m4_02b,mayang_state_2
m5_01b,mayang_state_2
m5_01c,mayang_state_2
m5_02c,mayang_state_2
m5_03b,mayang_state_2
m5_03c,mayang_state_2
m5_04b,mayang_state_2
m5_04c,mayang_state_2
m5_05b,mayang_state_2
m5_05c,mayang_state_2
m5_06b,mayang_state_2
m5_06c,mayang_state_2
m5_07b,mayang_state_2
m5_07c,mayang_state_2
m5_08b,mayang_state_2
m5_08c,mayang_state_2
m5_09b,mayang_state_2
m5_09C,mayang_state_2
m5_10b,mayang_state_2
m5_10c,mayang_state_2
m5_11b,mayang_state_2
m5_11c,mayang_state_2
m5_12b,mayang_state_2
m5_12c,mayang_state_2
m5_13b,mayang_state_2
m5_13c,mayang_state_2
m5_14c,mayang_state_2
m5_15b,mayang_state_2
m5_15c,mayang_state_2
m5_16b,mayang_state_2
m5_16c,mayang_state_2
m5_17b,mayang_state_2
m5_17c,mayang_state_2
m5_18b,mayang_state_2
m5_19b,mayang_state_2
m5_20b,mayang_state_2
m5_21b,mayang_state_2
m6_01b,mayang_state_2
m6_01c,mayang_state_2
m6_02b,mayang_state_2
m6_02c,mayang_state_2
m6_03b,mayang_state_2
m6_03c,mayang_state_2
m6_04b,mayang_state_2
m6_04c,mayang_state_2
m6_05b,mayang_state_2
m6_05c,mayang_state_2
m6_06b,mayang_state_2
m6_06c,mayang_state_2
m6_07b,mayang_state_2
m6_07c,mayang_state_2
m6_08b,mayang_state_2
m6_08c,mayang_state_2
m6_09b,mayang_state_2
m6_09c,mayang_state_2
m6_10b,mayang_state_2
m6_11b,mayang_state_2
m6_12b,mayang_state_2
m6_13b,mayang_state_2
m6_14b,mayang_state_2
m6_15b,mayang_state_2
m6_16b,mayang_state_2
m6_17b,mayang_state_2
m6_18b,mayang_state_2
m6_19b,mayang_state_2
m6_20b,mayang_state_2
m6_21b,mayang_state_2
m6_22b,mayang_state_2
m6_23b,mayang_state_2
m6_24b,mayang_state_2
m6_25b,mayang_state_2
m6_26b,mayang_state_2
m6_27b,mayang_state_2
m6_28b,mayang_state_2
m6_29b,mayang_state_2
m6_30b,mayang_state_2
m6_31b,mayang_state_2
m7_01a,mayang_state_2
m7_01b,mayang_state_2
m7_02a,mayang_state_2
m7_02b,mayang_state_2
m7_02c,mayang_state_2
m7_03b,mayang_state_2
m7_04b,mayang_state_2
m7_05b,mayang_state_2
m7_06b,mayang_state_2
m7_07b,mayang_state_2
m7_08b,mayang_state_2
m7_09b,mayang_state_2
m7_10b,mayang_state_2
m7_11b,mayang_state_2
m7_12b,mayang_state_2
m7_13b,mayang_state_2
m7_14b,mayang_state_2
m7_15b,mayang_state_2
m7_16b,mayang_state_2
m7_18b,mayang_state_2
m7_19b,mayang_state_2
m7_20b,mayang_state_2
m7_21b,mayang_state_2
m7_22b,mayang_state_2
m7_24b,mayang_state_2
m7_25b,mayang_state_2
m9_01b,mayang_state_2
m9_01c,mayang_state_2
m9_02b,mayang_state_2
m9_02c,mayang_state_2
m9_03b,mayang_state_2
m9_03c,mayang_state_2
m9_03d,mayang_state_2
m9_04c,mayang_state_2
m9_04d,mayang_state_2
m9_05c,mayang_state_2
m9_05d,mayang_state_2
m9_06c,mayang_state_2
m9_06d,mayang_state_2
m9_07c,mayang_state_2
m9_07d,mayang_state_2
m9_08d,mayang_state_2
m9_09d,mayang_state_2
m9_10d,mayang_state_2
m_01b,mayang_state_2
m_02b,mayang_state_2
m_03b,mayang_state_2
m_04b,mayang_state_2
m_05b,mayang_state_2
m_06b,mayang_state_2
m_07b,mayang_state_2
m_08b,mayang_state_2
m_09b,mayang_state_2
m_10b,mayang_state_2
m_11b,mayang_state_2
m_12b,mayang_state_2
m_15b,mayang_state_2
m_17b,mayang_state_2
m_19b,mayang_state_2
m_20b,mayang_state_2
m_21b,mayang_state_2
m_22b,mayang_state_2
m_23b,mayang_state_2
m_24b,mayang_state_2
m_25b,mayang_state_2
m10_01d,mayang_state_3
m10_02d,mayang_state_3
m10_03d,mayang_state_3
m10_04d,mayang_state_3
m10_05d,mayang_state_3
m10_06d,mayang_state_3
m10_07d,mayang_state_3
m10_08d,mayang_state_3
m10_09d,mayang_state_3
m10_10d,mayang_state_3
m10_11d,mayang_state_3
m10_12d,mayang_state_3
m2_01c,mayang_state_3
m2_01d,mayang_state_3
m2_01e,mayang_state_3
m2_02c,mayang_state_3
m2_02d,mayang_state_3
m2_02e,mayang_state_3
m2_03c,mayang_state_3
m2_03ed,mayang_state_3
m2_04c,mayang_state_3
m2_04d,mayang_state_3
m2_04e,mayang_state_3
m2_05d,mayang_state_3
m2_05e,mayang_state_3
m2_06c,mayang_state_3
m2_06d,mayang_state_3
m2_06e,mayang_state_3
m2_07c,mayang_state_3
m2_07d,mayang_state_3
m2_08c,mayang_state_3
m2_08d,mayang_state_3
m2_08e,mayang_state_3
m2_09c,mayang_state_3
m2_09d,mayang_state_3
m2_09e,mayang_state_3
m2_10d,mayang_state_3
m2_10e,mayang_state_3
m2_11c,mayang_state_3
m2_11d,mayang_state_3
m2_11e,mayang_state_3
m2_12c,mayang_state_3
m2_12d,mayang_state_3
m2_13c,mayang_state_3
m2_13d,mayang_state_3
m2_13e,mayang_state_3
m2_14c,mayang_state_3
m2_14d,mayang_state_3
m2_15c,mayang_state_3
m2_15d,mayang_state_3
m2_15e,mayang_state_3
m2_16c,mayang_state_3
m2_16d,mayang_state_3
m2_17c,mayang_state_3
m2_17d,mayang_state_3
m2_18c,mayang_state_3
m2_18d,mayang_state_3
m2_19c,mayang_state_3
m2_19e,mayang_state_3
m2_20c,mayang_state_3
m2_20e,mayang_state_3
m2_21e,mayang_state_3
m3_01c,mayang_state_3
m3_01d,mayang_state_3
m3_02c,mayang_state_3
m3_02d,mayang_state_3
m3_03c,mayang_state_3
m3_03d,mayang_state_3
m3_04d,mayang_state_3
m3_04e,mayang_state_3
m3_05c,mayang_state_3
m3_05d,mayang_state_3
m3_05e,mayang_state_3
m3_06c,mayang_state_3
m3_06d,mayang_state_3
m3_07c,mayang_state_3
m3_07d,mayang_state_3
m3_07e,mayang_state_3
m3_08c,mayang_state_3
m3_08d,mayang_state_3
m3_09c,mayang_state_3
m3_09d,mayang_state_3
m3_09e,mayang_state_3
m3_10d,mayang_state_3
m3_10e,mayang_state_3
m3_11d,mayang_state_3
m3_12d,mayang_state_3
m3_13d,mayang_state_3
m3_13e,mayang_state_3
m3_14d,mayang_state_3
m3_15d,mayang_state_3
m3_15e,mayang_state_3
m3_16d,mayang_state_3
m3_17d,mayang_state_3
m3_17e,mayang_state_3
m3_18d,mayang_state_3
m3_18e,mayang_state_3
m3_19d,mayang_state_3
m3_21d,mayang_state_3
m3_22d,mayang_state_3
m5_01d,mayang_state_3
m5_01e,mayang_state_3
m5_02d,mayang_state_3
m5_02e,mayang_state_3
m5_03d,mayang_state_3
m5_03e,mayang_state_3
m5_04d,mayang_state_3
m5_04e,mayang_state_3
m5_05e,mayang_state_3
m5_06d,mayang_state_3
m5_06e,mayang_state_3
m5_07e,mayang_state_3
m5_08d,mayang_state_3
m5_08e,mayang_state_3
m5_09d,mayang_state_3
m5_09e,mayang_state_3
m5_10d,mayang_state_3
m5_11D,mayang_state_3
m5_11e,mayang_state_3
m5_12d,mayang_state_3
m5_12e,mayang_state_3
m5_13d,mayang_state_3
m5_14d,mayang_state_3
m5_15d,mayang_state_3
m5_15e,mayang_state_3
m5_16d,mayang_state_3
m5_16e,mayang_state_3
m5_17d,mayang_state_3
m5_17e,mayang_state_3
m5_18d,mayang_state_3
m5_18e,mayang_state_3
m5_19d,mayang_state_3
m5_20d,mayang_state_3
m5_20e,mayang_state_3
m5_21e,mayang_state_3
m5_22e,mayang_state_3
m5_23e,mayang_state_3
m5_24d,mayang_state_3
m5_24e,mayang_state_3
m5_25d,mayang_state_3
m5_25e,mayang_state_3
m5_26d,mayang_state_3
m5_26e,mayang_state_3
m5_27d,mayang_state_3
m5_27e,mayang_state_3
m5_28d,mayang_state_3
m5_28e,mayang_state_3
m5_29d,mayang_state_3
m5_30d,mayang_state_3
m5_31d,mayang_state_3
m5_31e,mayang_state_3
m5_32d,mayang_state_3
m5_33d,mayang_state_3
m5_37d',mayang_state_3
m5_37d,mayang_state_3
m5_38d,mayang_state_3
m5_39d,mayang_state_3
m5_40d,mayang_state_3
m5_41d,mayang_state_3
m5_42d,mayang_state_3
m5_43d,mayang_state_3
m5_44d,mayang_state_3
m5_45d,mayang_state_3
m5_46d,mayang_state_3
m5_47d,mayang_state_3
m5_48d,mayang_state_3
m5_49d,mayang_state_3
m5_51d,mayang_state_3
m5_53d,mayang_state_3
m5_54d,mayang_state_3
m5_55d,mayang_state_3
m5_55e,mayang_state_3
m5_56d,mayang_state_3
m5_58d,mayang_state_3
m5_58e,mayang_state_3
m5_59d,mayang_state_3
m5_60d,mayang_state_3
m5_61d,mayang_state_3
m5_62d,mayang_state_3
m5_63d,mayang_state_3
m5_64e,mayang_state_3
m5_66e,mayang_state_3
m6_01d,mayang_state_3
m6_01e,mayang_state_3
m6_02d,mayang_state_3
m6_02e,mayang_state_3
m6_03d,mayang_state_3
m6_03e,mayang_state_3
m6_04d,mayang_state_3
m6_04e,mayang_state_3
m6_05d,mayang_state_3
m6_05e,mayang_state_3
m6_06d,mayang_state_3
m6_06e,mayang_state_3
m6_07d,mayang_state_3
m6_07e,mayang_state_3
m6_08d,mayang_state_3
m6_08e,mayang_state_3
m6_09d,mayang_state_3
m6_09e,mayang_state_3
m6_10d,mayang_state_3
m6_11d,mayang_state_3
m6_12d,mayang_state_3
m6_13d,mayang_state_3
m6_14d,mayang_state_3
m6_15d,mayang_state_3
m6_16d,mayang_state_3
m6_17d,mayang_state_3
m6_18d,mayang_state_3
m6_19d,mayang_state_3
m6_20d,mayang_state_3
m6_21d,mayang_state_3
m6_22d,mayang_state_3
m6_23d,mayang_state_3
m7_01C,mayang_state_3
m7_01d,mayang_state_3
m7_01e,mayang_state_3
m7_02d,mayang_state_3
m7_02e,mayang_state_3
m7_03c,mayang_state_3
m7_03d,mayang_state_3
m7_04c,mayang_state_3
m7_04d,mayang_state_3
m7_05c,mayang_state_3
m7_05d,mayang_state_3
m7_06d,mayang_state_3
m7_07d,mayang_state_3
m7_08d,mayang_state_3
m7_09d,mayang_state_3
m7_10d,mayang_state_3
m7_11d,mayang_state_3
m7_12d,mayang_state_3
m7_13d,mayang_state_3
m7_14d,mayang_state_3
m7_15d,mayang_state_3
m7_16d,mayang_state_3
m7_17d,mayang_state_3
m7_18d,mayang_state_3
m7_19d,mayang_state_3
m7_20d,mayang_state_3
m9_01d,mayang_state_3
m9_02d,mayang_state_3
m_01d,mayang_state_3
m_01e,mayang_state_3
m_02d,mayang_state_3
m_02e,mayang_state_3
m_03d,mayang_state_3
m_03e,mayang_state_3
m_04d,mayang_state_3
m_04e,mayang_state_3
m_05d,mayang_state_3
m_06d,mayang_state_3
m_06e,mayang_state_3
m_07d,mayang_state_3
m_07e,mayang_state_3
m_08d,mayang_state_3
m_08e,mayang_state_3
m_09d,mayang_state_3
m_10d,mayang_state_3
m_10e,mayang_state_3
m_11d,mayang_state_3
m_11e,mayang_state_3
m_12d,mayang_state_3
m_13d,mayang_state_3
m_14d,mayang_state_3
m_14e,mayang_state_3
m_15d,mayang_state_3
m_16d,mayang_state_3
m_16e,mayang_state_3
m_17d,mayang_state_3
m_18d,mayang_state_3
m_18e,mayang_state_3
m_19d,mayang_state_3
m_19e,mayang_state_3
m_20d,mayang_state_3
m_20e,mayang_state_3
m_21d,mayang_state_3
m_21e,mayang_state_3
m_22d,mayang_state_3
m_22e,mayang_state_3
m_23d,mayang_state_3
m_23e,mayang_state_3
m_24d,mayang_state_3
m_24ee,mayang_state_3
m_25d,mayang_state_3
m_25e,mayang_state_3
m_26d,mayang_state_3
m_28d,mayang_state_3
m_29d,mayang_state_3
m_30d,mayang_state_3
m_31d,mayang_state_3
m_32d,mayang_state_3
m_33d,mayang_state_3
m_34d,mayang_state_3
m_35d,mayang_state_3
m_36d,mayang_state_3
m_37d,mayang_state_3
m_38d,mayang_state_3
m_39d,mayang_state_3
m_41d,mayang_state_3
m10_01e,mayang_state_4
m10_02e,mayang_state_4
m10_03e,mayang_state_4
m10_04e,mayang_state_4
m10_05e,mayang_state_4
m10_06e,mayang_state_4
m10_07e,mayang_state_4
m10_08e,mayang_state_4
m10_09e,mayang_state_4
m10_10e,mayang_state_4
m10_12e,mayang_state_4
m10_13e,mayang_state_4
m10_14e,mayang_state_4
m10_15e,mayang_state_4
m10_16e,mayang_state_4
m10_17e,mayang_state_4
m10_18e,mayang_state_4
m10_19e,mayang_state_4
m2_03e,mayang_state_4
m2_07e,mayang_state_4
m2_12e,mayang_state_4
m2_14e,mayang_state_4
m2_16e,mayang_state_4
m2_17e,mayang_state_4
m2_18e,mayang_state_4
m3_01e,mayang_state_4
m3_02e,mayang_state_4
m3_03e,mayang_state_4
m3_06e,mayang_state_4
m3_08e,mayang_state_4
m3_11e,mayang_state_4
m3_12e,mayang_state_4
m3_14e,mayang_state_4
m3_16e,mayang_state_4
m3_19e,mayang_state_4
m3_20e,mayang_state_4
m3_21e,mayang_state_4
m3_24e,mayang_state_4
m3_25e,mayang_state_4
m3_26e,mayang_state_4
m3_27e,mayang_state_4
m3_28e,mayang_state_4
m3_29e,mayang_state_4
m3_30e,mayang_state_4
m3_31e,mayang_state_4
m5_10e,mayang_state_4
m5_19e,mayang_state_4
m5_29e,mayang_state_4
m5_30e,mayang_state_4
m5_32e,mayang_state_4
m5_34e,mayang_state_4
m5_35e,mayang_state_4
m5_36e,mayang_state_4
m5_37e,mayang_state_4
m5_38e,mayang_state_4
m5_39e,mayang_state_4
m5_40e,mayang_state_4
m5_41e,mayang_state_4
m5_42e,mayang_state_4
m5_43e,mayang_state_4
m5_44e,mayang_state_4
m5_45e,mayang_state_4
m5_46e,mayang_state_4
m5_47e,mayang_state_4
m5_48e,mayang_state_4
m5_49e,mayang_state_4
m5_50d,mayang_state_4
m5_50e,mayang_state_4
m5_51e,mayang_state_4
m5_52e,mayang_state_4
m5_53e,mayang_state_4
m5_54e,mayang_state_4
m5_56e,mayang_state_4
m5_57e,mayang_state_4
m5_59e,mayang_state_4
m5_60e,mayang_state_4
m5_61e,mayang_state_4
m5_62e,mayang_state_4
m5_63e,mayang_state_4
m5_65e,mayang_state_4
m9_01e,mayang_state_4
m9_02e,mayang_state_4
m9_03e,mayang_state_4
m9_04e,mayang_state_4
m9_05e,mayang_state_4
m9_06e,mayang_state_4
m9_07E,mayang_state_4
m_05e,mayang_state_4
m_09e,mayang_state_4
m_12e,mayang_state_4
m_13e,mayang_state_4
m_15e,mayang_state_4
m_17e,mayang_state_4